OverallQual,GrLivArea,GarageCars,TotalBsmtSF,1stFlrSF,YearBuilt,FullBath,YearRemodAdd,GarageArea,TotRmsAbvGrd,SalePrice
7,1710,2,856,856,2003,2,2003,548,8,208500
6,1262,2,1262,1262,1976,2,1976,460,6,181500
7,1786,2,920,920,2001,2,2002,608,6,223500
7,1717,3,756,961,1915,1,1970,642,7,140000
8,2198,3,1145,1145,2000,2,2000,836,9,250000
5,1362,2,796,796,1993,1,1995,480,5,143000
8,1694,2,1686,1694,2004,2,2005,636,7,307000
7,2090,2,1107,1107,1973,2,1973,484,7,200000
7,1774,2,952,1022,1931,2,1950,468,8,129900
5,1077,1,991,1077,1939,1,1950,205,5,118000
5,1040,1,1040,1040,1965,1,1965,384,5,129500
9,2324,3,1175,1182,2005,3,2006,736,11,345000
5,912,1,912,912,1962,1,1962,352,4,144000
7,1494,3,1494,1494,2006,2,2007,840,7,279500
6,1253,1,1253,1253,1960,1,1960,352,5,157000
7,854,2,832,854,1929,1,2001,576,5,132000
6,1004,2,1004,1004,1970,1,1970,480,5,149000
4,1296,2,0,1296,1967,2,1967,516,6,90000
5,1114,2,1114,1114,2004,1,2004,576,6,159000
5,1339,1,1029,1339,1958,1,1965,294,6,139000
8,2376,3,1158,1158,2005,3,2006,853,9,325300
7,1108,1,637,1108,1930,1,1950,280,6,139400
8,1795,2,1777,1795,2002,2,2002,534,7,230000
5,1060,2,1040,1060,1976,1,1976,572,6,129900
5,1060,1,1060,1060,1968,1,2001,270,6,154000
8,1600,3,1566,1600,2007,2,2007,890,7,256300
5,900,2,900,900,1951,1,2000,576,5,134800
8,1704,3,1704,1704,2007,2,2008,772,7,306000
5,1600,1,1484,1600,1957,1,1997,319,6,207500
4,520,1,520,520,1927,1,1950,240,4,68500
4,1317,1,649,649,1920,1,1950,250,6,40000
5,1228,1,1228,1228,1966,1,2006,271,6,149350
8,1234,2,1234,1234,2007,2,2007,484,7,179900
5,1700,2,1398,1700,1959,1,1959,447,6,165500
9,1561,2,1561,1561,2005,2,2005,556,6,277500
8,2452,3,1117,1132,2004,3,2005,691,9,309000
5,1097,2,1097,1097,1994,1,1995,672,6,145000
5,1297,2,1297,1297,1954,1,1990,498,5,153000
5,1057,1,1057,1057,1953,1,2007,246,5,109000
4,1152,0,0,1152,1955,2,1955,0,6,82000
6,1324,2,1088,1324,1965,2,1965,440,6,160000
5,1328,1,1350,1328,1959,1,1959,308,5,170000
5,884,2,840,884,1983,1,1983,504,5,144000
5,938,1,938,938,1975,1,1980,308,5,130250
5,1150,1,1150,1150,1959,1,1959,300,6,141000
9,1752,2,1752,1752,2005,2,2005,576,6,319900
7,2149,2,1434,1518,2003,1,2003,670,6,239686
8,1656,3,1656,1656,2006,2,2006,826,7,249700
4,1452,0,736,736,1920,2,2008,0,8,113000
5,955,1,955,955,1966,1,1966,386,6,127000
6,1470,2,794,794,1997,2,1997,388,6,177000
6,1176,2,816,816,1934,1,1950,528,6,114500
5,816,2,816,816,1963,1,1963,516,5,110000
9,1842,3,1842,1842,1981,0,1987,894,5,385000
5,1360,2,384,1360,1955,1,1955,572,6,130000
6,1425,2,1425,1425,1964,2,1964,576,7,180500
8,1739,2,970,983,1999,2,2000,480,7,172500
7,1720,2,860,860,2004,2,2004,565,7,196500
10,2945,3,1410,1426,2006,3,2006,641,10,438780
5,780,1,780,780,1972,1,1972,352,4,124900
6,1158,2,1158,1158,2004,1,2004,576,5,158000
5,1111,1,530,581,1920,1,1996,288,6,101000
8,1370,2,1370,1370,2006,2,2006,484,6,202500
7,1710,2,576,902,1921,2,1950,480,9,140000
7,2034,2,1057,1057,1997,2,1998,645,8,219500
8,2473,3,1143,1143,2004,2,2005,852,9,317000
7,2207,2,1947,2207,1970,2,1989,576,7,180000
7,1479,2,1453,1479,2003,2,2003,558,7,226000
4,747,1,747,747,1945,1,1950,220,4,80000
7,2287,2,1304,1304,1953,2,1953,667,7,225000
7,2223,2,2223,2223,1973,2,1973,516,8,244000
4,845,2,845,845,1982,1,2006,360,4,129500
7,1718,2,832,885,1998,2,1998,427,7,185000
5,1086,2,1086,1086,1954,1,2003,490,6,144900
3,1605,1,840,840,1915,2,1950,379,8,107400
4,988,1,462,526,1973,1,1973,297,5,91000
4,952,1,952,952,1956,1,1956,283,4,135750
5,1285,1,672,1072,1948,1,2001,240,6,127000
4,1768,0,1768,1768,1968,2,1968,0,8,136500
5,1230,2,440,682,1910,1,1981,440,5,110000
6,2142,1,896,1182,1968,2,1968,509,8,193500
6,1337,2,1237,1337,1998,2,1998,405,5,153500
8,1563,3,1563,1563,2007,2,2007,758,6,245000
5,1065,2,1065,1065,1960,1,1960,461,6,126500
7,1474,2,384,804,1995,2,1996,400,7,168500
8,2417,2,1288,1301,1991,2,1992,462,9,260000
6,1560,2,684,684,2005,2,2005,400,6,174000
6,1224,2,612,612,2009,2,2009,528,4,164500
3,1526,0,1013,1013,1915,1,1982,0,6,85000
4,990,0,990,990,1994,1,1995,0,5,123600
4,1040,2,0,1040,1950,1,1950,420,4,109900
5,1235,2,1235,1235,1961,1,1961,480,6,98600
5,964,2,876,964,1921,1,2006,432,5,163500
6,2291,2,1214,1260,1910,2,1998,506,9,133900
6,1786,2,824,905,1997,2,1997,684,7,204750
6,1470,2,680,680,1993,2,1993,420,6,185000
7,1588,2,1588,1588,1999,2,1999,472,6,214000
4,960,1,960,960,1965,1,1965,432,6,94750
5,835,1,458,835,1920,1,1950,366,5,83000
4,1225,0,950,1225,1959,1,1959,0,6,128950
6,1610,2,1610,1610,1977,2,2001,480,6,205000
6,1732,2,741,977,1985,2,1985,476,7,178000
5,1535,2,0,1535,1979,2,1979,410,8,118964
7,1226,3,1226,1226,2009,2,2009,740,6,198900
7,1818,1,1040,1226,1931,1,1950,240,7,169500
8,1992,2,1053,1053,2003,2,2004,648,9,250000
4,1047,1,641,1047,1885,1,1995,273,6,100000
5,789,1,789,789,1948,1,1950,250,5,115000
5,1517,0,793,997,1919,2,2005,0,7,115000
6,1844,2,1844,1844,1977,2,1977,546,7,190000
6,1855,1,994,1216,1954,2,1972,325,7,136900
7,1430,2,384,774,2000,2,2000,400,7,180000
7,2696,3,1264,1282,2007,2,2007,792,10,383970
6,2259,2,1809,2259,1953,2,1953,450,7,217000
6,2320,1,1028,1436,1945,2,2002,180,9,259500
6,1458,2,729,729,1999,2,1999,440,5,176000
5,1092,1,1092,1092,1962,1,1962,288,6,139000
5,1125,2,1125,1125,2006,1,2007,430,5,155000
7,3222,3,1673,1699,1990,3,1990,594,11,320000
6,1456,2,728,728,2005,2,2006,390,8,163990
6,988,2,938,988,1969,1,1969,540,4,180000
4,1123,1,732,772,1939,1,1950,264,4,100000
6,1080,1,1080,1080,1958,1,1958,288,5,136000
6,1199,2,1199,1199,1993,2,1993,530,5,153900
6,1586,2,1362,1586,1979,2,1998,435,7,181000
6,754,0,520,520,1935,1,1982,0,5,84500
6,958,2,1078,958,1976,2,1976,440,5,128000
5,840,0,672,840,1930,1,1950,0,5,87000
6,1348,2,660,660,1966,1,1966,453,6,155000
5,1053,2,1008,1053,1958,1,1991,750,6,150000
7,2157,2,924,1216,1966,2,1966,487,8,226000
6,2054,2,992,1022,2000,2,2000,390,7,244000
5,1327,2,1063,1327,1959,1,2002,624,7,150750
8,1296,2,1267,1296,2001,2,2002,471,6,220000
5,1721,2,1461,1721,1968,2,1993,440,7,180000
7,1682,2,1304,1682,1970,2,1970,530,7,174000
5,1214,1,1214,1214,1967,2,1967,318,5,143000
7,1959,3,1907,1959,1988,3,1989,766,9,171000
8,1852,3,1004,1004,1999,2,2000,660,7,230000
6,1764,2,928,928,1997,2,1997,470,7,231500
4,864,0,864,864,1971,1,1971,0,5,115000
7,1734,2,1734,1734,2005,2,2005,660,7,260000
5,1385,2,910,910,1952,2,1952,720,6,166000
7,1501,2,1490,1501,1999,2,1999,577,6,204000
5,1728,2,1728,1728,1963,2,1963,504,10,125000
6,1709,2,970,970,2004,2,2006,380,7,130000
5,875,1,715,875,1931,1,1993,180,5,105000
7,2035,2,884,884,2001,2,2001,434,8,222500
7,1080,0,1080,1080,2004,1,2005,0,6,141000
5,1344,1,896,896,1936,1,1950,240,7,115000
5,969,2,969,969,1975,1,1975,440,5,122000
8,1710,3,1710,1710,2007,2,2008,866,6,372402
6,1993,2,825,1097,1971,2,1971,495,8,190000
6,1252,2,1602,1252,1960,1,1975,564,4,235000
6,1200,1,1200,1200,1923,1,1950,312,7,125000
6,1096,0,572,572,1924,1,1950,0,5,79000
5,1040,2,0,1040,1950,1,1950,625,5,109500
8,1968,3,774,774,2009,2,2010,680,8,269500
7,1947,2,991,991,2004,2,2005,678,8,254900
7,2462,2,1392,1392,2005,2,2006,576,9,320000
6,1232,2,1232,1232,1984,2,1984,516,6,162500
9,2668,3,1572,1572,2003,2,2004,726,10,412500
7,1541,2,1541,1541,2005,2,2005,532,7,220000
4,882,0,882,882,1956,1,1956,0,4,103200
6,1616,1,1149,1149,1926,2,2004,216,5,152000
5,1355,0,644,808,1940,2,1999,0,6,127500
5,1867,1,1617,1867,1955,1,1993,303,7,190000
8,2161,3,1582,1610,2007,1,2007,789,8,325624
7,1720,2,840,840,2004,2,2004,440,7,183500
8,1707,2,1686,1707,1981,2,1981,511,6,228000
5,1382,2,720,854,1941,1,1950,660,7,128500
6,1656,2,1080,1656,1960,1,1960,528,7,215000
7,1767,2,1064,1064,1987,2,1987,504,5,239000
6,1362,2,1362,1362,1961,1,1961,504,6,163000
6,1651,2,1606,1651,1986,2,1986,616,7,184000
6,2158,2,1202,2158,1950,2,2001,576,7,243000
6,2060,2,1151,1164,1988,2,1989,521,8,211000
5,1920,2,1052,1252,1958,2,1958,451,8,172500
9,2234,3,2216,2234,2008,2,2009,1166,9,501837
5,968,2,968,968,1923,1,2006,480,5,100000
6,1525,2,756,769,2000,2,2000,440,5,177000
7,1802,1,793,901,1920,1,1950,216,9,200100
5,1340,1,0,1340,1957,1,2006,252,7,120000
7,2082,2,1362,1362,2003,2,2003,484,6,200000
5,1252,2,504,936,1908,1,1991,576,5,127000
10,3608,3,1107,1518,1892,2,1993,840,12,475000
7,1217,2,1188,1217,1990,2,1991,497,6,173000
5,1656,1,660,808,1916,2,1987,180,8,135000
5,1224,2,1086,1224,1979,0,1979,528,6,153337
8,1593,2,1593,1593,2001,1,2002,682,5,286000
8,2727,2,853,1549,1932,2,1994,440,10,315000
7,1479,2,725,725,1972,1,2004,484,7,184000
7,1431,2,1431,1431,1999,2,1999,666,6,192000
7,1709,2,970,970,2004,2,2004,380,7,130000
5,864,1,864,864,1972,1,1972,352,5,127000
6,1456,2,855,855,1976,2,1976,440,7,148500
7,1726,3,1726,1726,2007,2,2007,786,8,311872
8,3112,2,1360,1360,1918,2,1990,795,8,235000
6,2229,0,755,929,1912,1,1950,0,8,104000
8,1713,3,1713,1713,2004,2,2005,856,7,274900
4,1121,2,1121,1121,2003,2,2004,440,5,140000
6,1279,2,1196,1279,1977,2,1977,473,6,171500
6,1310,1,617,865,1924,2,1950,398,6,112000
6,848,2,848,848,2004,1,2004,420,3,149000
5,1284,1,720,720,1947,1,1950,240,5,110000
7,1442,2,1424,1442,1990,2,1990,500,5,180500
5,1696,1,1140,1696,1962,1,1962,349,8,143900
4,1100,1,1100,1100,1960,1,1960,312,6,141000
7,2062,2,1157,1180,1988,2,1989,454,7,277000
6,1092,2,1092,1092,1964,1,1964,504,6,145000
5,864,0,864,864,1925,1,1950,0,5,98000
6,1212,2,1212,1212,2009,2,2009,460,6,186000
7,1852,2,900,932,2009,2,2009,644,7,252678
5,990,2,990,990,1995,1,1995,576,5,156000
6,1392,1,689,689,1977,1,1977,299,6,161750
5,1236,1,1070,1236,1957,1,1996,447,6,134450
7,1436,2,1436,1436,2004,2,2004,484,8,210000
4,1328,1,686,810,1925,1,1950,210,8,107000
7,1954,2,798,1137,1939,1,2006,431,8,311500
7,1248,2,1248,1248,2005,2,2006,438,5,167240
7,1498,2,1498,1498,2006,2,2006,675,5,204900
6,2267,2,1010,1010,2002,2,2002,390,8,200000
6,1552,2,713,811,1975,2,1975,434,6,179900
4,864,2,864,864,1971,1,1971,576,4,97000
10,2392,3,2392,2392,2003,2,2003,968,8,386250
5,1302,1,630,630,1971,2,1971,280,6,112000
7,2520,3,1203,1214,1995,2,1995,721,9,290000
6,987,1,483,483,1970,1,1970,280,5,106000
5,912,1,912,912,1967,1,1967,336,5,125000
7,1555,2,1373,1555,2005,2,2006,430,7,192500
6,1194,1,1194,1194,1959,1,1959,312,6,148000
8,2794,3,1462,1490,1995,2,1996,810,9,403000
6,987,1,483,483,1972,1,1972,288,5,94500
5,894,1,894,894,1976,1,1976,308,5,128200
6,1960,2,860,860,2002,2,2002,440,8,216500
6,987,1,483,483,1971,1,1971,264,5,89500
7,1414,2,1414,1414,2004,2,2004,494,6,185500
7,1744,2,996,1014,1993,2,2003,457,7,194500
8,1694,3,1694,1694,2007,2,2007,818,7,318000
6,1487,1,735,798,1945,1,1950,220,7,113000
8,1566,2,1566,1566,2008,2,2008,750,7,262500
5,866,0,686,866,1945,1,1997,0,4,110500
5,1440,1,540,889,1900,1,1950,352,6,79000
6,1217,1,626,626,1980,1,1980,288,6,120000
7,2110,2,948,1222,1994,2,2002,463,8,205000
7,1872,2,1845,1872,1988,2,1988,604,6,241500
6,1928,1,1020,908,1910,2,1950,440,9,137000
6,1375,2,1367,1375,1954,1,1954,451,5,140000
7,1668,2,840,840,2003,2,2003,500,8,180000
6,2144,2,1444,1444,1958,2,2006,389,7,277000
3,1306,0,728,1306,1940,1,1966,0,6,76500
8,1625,2,1573,1625,2006,2,2007,538,5,235000
6,1640,2,798,798,2004,2,2004,520,6,173000
6,1302,1,1302,1302,1964,2,1991,309,7,158000
5,1314,1,1314,1314,1957,1,1957,294,5,145000
7,2291,2,975,1005,1999,2,1999,429,8,230000
6,1728,2,864,864,2003,2,2003,673,7,207500
7,1604,2,1604,1604,2006,2,2006,660,8,220000
7,1792,2,963,963,2001,2,2001,564,7,231500
5,882,1,0,882,1956,1,1956,308,4,97000
6,1382,2,1362,1382,1962,1,1962,884,6,176000
8,2574,3,1482,1482,2007,2,2007,868,10,276000
6,1212,2,506,1212,1977,1,1995,492,6,151000
5,1316,2,926,926,1929,1,2001,484,6,130000
5,764,2,680,764,1925,1,2004,504,4,73000
6,1422,2,1422,1422,1981,2,1981,576,7,175500
6,1511,2,802,802,1997,2,1997,413,8,185000
5,2192,1,720,1052,1939,2,1997,240,8,179500
5,778,1,740,778,1940,1,1955,924,4,120500
6,1113,1,1143,1113,1976,1,1976,504,6,148000
8,1939,3,1095,1095,2006,2,2006,1053,8,266000
7,1363,2,1385,1363,1954,1,2005,439,5,241500
8,2270,3,1152,1164,1999,2,2007,671,9,290000
6,1632,1,1240,1632,1958,2,1988,338,6,139000
5,816,1,816,816,1982,1,1982,264,5,124500
7,1548,2,952,952,1925,2,2007,672,5,205000
7,1560,2,1560,1560,2003,2,2003,573,7,201000
4,864,2,864,864,1951,1,1951,400,4,141000
9,2121,3,2121,2121,2006,2,2007,732,8,415298
7,2022,2,1160,1156,1977,2,1977,505,8,192000
7,1982,2,807,1175,1989,2,1989,575,7,228500
6,1262,2,1262,1262,2006,2,2006,572,5,185000
7,1314,2,1314,1314,2007,2,2008,626,6,207500
8,1468,3,1468,1468,2008,2,2009,898,6,244600
6,1575,2,1575,1575,1992,2,1992,529,5,179200
7,1250,2,625,625,2006,2,2007,528,5,164700
6,1734,2,912,1085,1962,1,1981,440,7,159000
4,858,0,858,858,1971,1,1971,0,5,88000
5,900,1,882,900,1967,1,1967,280,5,122000
6,1396,1,698,698,1915,1,2003,384,7,153575
8,1919,2,1079,1079,2006,2,2006,685,8,233230
5,1716,0,780,936,1912,2,2000,0,9,135900
5,1716,1,768,1148,1949,1,2008,281,8,131000
7,2263,2,795,1468,1977,2,1994,539,9,235000
6,1644,2,1416,1644,1953,1,1953,418,7,167000
6,1003,2,1003,1003,1984,1,1984,588,6,142500
5,1558,1,910,910,1950,1,1950,282,6,152000
7,1950,2,975,975,1997,2,1998,576,7,239000
6,1743,2,702,1041,1968,1,1968,539,7,175000
6,1152,1,1092,1152,1950,1,2004,300,6,158500
5,1336,1,1165,1336,1953,1,1953,375,5,157000
8,2452,2,1028,1210,1998,2,1999,683,9,267000
7,1541,3,1541,1541,2001,2,2002,843,6,205000
5,894,2,894,894,1972,1,1972,552,5,149900
7,3493,3,1470,1675,1880,3,2002,870,10,295000
8,2000,3,2000,2000,2004,2,2005,888,8,305900
7,2243,3,700,1122,1990,2,1991,746,8,225000
6,1406,0,319,1035,1920,1,1950,0,6,89500
4,861,2,861,861,1940,1,1950,539,4,82500
9,1944,3,1896,1944,2003,2,2004,708,8,360000
6,1501,2,697,697,1993,2,1994,420,6,165600
6,972,1,972,972,1948,1,2002,240,5,132000
5,1118,2,793,793,1939,1,1950,410,5,119900
7,2036,2,2136,2036,1965,2,1965,513,8,375000
7,1641,2,728,832,1925,1,1990,546,6,178000
7,1432,2,716,716,2004,2,2005,432,6,188500
7,2353,2,845,1153,1980,2,1980,484,10,260000
8,1959,3,1088,1088,2006,2,2006,1025,8,270000
7,2646,3,1347,1372,1993,2,1993,656,9,260000
7,1472,2,1372,1472,1980,2,1980,588,6,187500
9,2596,3,1249,1249,2006,3,2006,840,9,342643
8,2468,3,1136,1136,2004,2,2004,872,10,354000
7,2730,2,1502,1553,1986,2,1987,576,8,301000
3,1163,1,1162,1163,1955,1,2005,220,6,126175
7,2978,2,710,1898,1967,2,2007,564,11,242000
5,803,2,720,803,1941,1,1950,360,5,87000
8,1719,2,1719,1719,1993,1,1993,473,6,324000
6,1383,1,1383,1383,1960,1,1960,292,7,145250
6,2134,2,844,1445,1916,2,1994,441,10,214500
5,1192,1,596,596,1920,1,1950,189,6,78000
5,1728,1,1728,1728,1964,2,1964,352,10,119000
5,1056,1,1056,1056,1958,1,1992,308,6,139000
8,1629,3,3206,1629,2003,2,2004,880,7,284000
7,1358,2,1358,1358,2004,2,2004,484,6,207000
6,1638,2,943,943,1998,2,1998,472,7,192000
5,1786,2,1499,1619,1965,2,1965,529,7,228950
9,1922,3,1922,1922,2005,2,2006,676,8,377426
7,1536,2,1536,1536,2002,2,2003,532,7,214000
7,1621,2,1208,1621,1984,2,1998,440,8,202500
6,1215,1,1215,1215,1958,1,1998,297,6,155000
8,1908,2,967,993,2002,2,2002,431,9,202900
4,841,1,721,841,1950,1,1950,294,4,82000
3,1040,2,0,1040,1949,2,1950,400,6,87500
9,1684,2,1684,1684,2005,2,2005,564,6,266000
5,1112,1,536,536,1976,1,1976,336,4,85000
6,1577,1,972,972,1939,1,1950,312,6,140200
6,958,1,958,958,1960,1,1998,301,5,151500
6,1478,2,1478,1478,1960,2,1960,498,6,157500
7,1626,2,764,764,2003,2,2004,474,6,154000
9,2728,3,1848,1848,2005,2,2006,706,10,437154
9,1869,2,1869,1869,2007,2,2007,617,6,318061
7,1453,2,1453,1453,1986,1,1986,445,6,190000
5,1111,1,616,616,1941,1,1950,200,5,95000
6,720,2,624,720,1928,1,2003,484,5,105900
6,1595,1,940,1192,1940,1,2000,240,6,140000
6,1200,2,1200,1200,1995,2,1995,521,6,177500
6,1167,2,1158,1167,1992,2,1992,400,6,173000
5,1142,2,1142,1142,1976,1,1976,528,6,134000
5,1352,1,1062,1352,1958,1,1958,288,6,130000
8,1924,2,1086,1086,1998,2,1998,592,7,280000
6,912,2,888,912,1978,1,1978,470,5,156000
5,1505,1,883,988,1940,1,1982,240,8,145000
7,1922,2,0,495,2003,3,2003,672,7,198500
6,987,1,483,483,1972,1,2007,264,5,118000
6,1574,2,796,790,1976,2,1976,566,6,190000
5,1344,1,672,672,1920,1,1997,468,6,147000
6,1394,2,1394,1394,1963,1,1963,514,6,159000
6,1431,1,1099,1431,1962,1,1962,296,6,165000
5,1268,1,1268,1268,1954,1,1954,244,7,132000
5,1287,2,1063,1287,1959,1,2006,576,7,162000
6,1664,2,953,953,2000,2,2000,460,7,172400
4,1588,2,0,1120,1959,2,1959,680,7,134432
6,752,1,744,752,1984,1,1984,264,4,125000
5,1319,1,608,1319,1953,1,1953,270,5,123000
7,1928,2,847,847,2003,2,2004,434,8,219500
1,904,0,683,904,1922,0,1950,0,4,61000
5,914,2,870,914,1996,1,1996,576,5,148000
8,2466,2,1580,1580,2004,3,2005,610,8,340000
9,1856,3,1856,1856,2010,1,2010,834,8,394432
6,1800,2,982,1007,2000,2,2000,463,7,179000
5,1691,1,1026,1026,1924,2,1950,308,6,127000
7,1301,2,1293,1301,2006,2,2006,572,5,187750
7,1797,2,939,939,2006,2,2006,639,8,213500
6,784,2,784,784,1928,1,1950,360,5,76000
6,1953,2,1580,1079,1992,2,1992,501,9,240000
8,1269,2,1256,1269,2004,2,2005,430,6,192000
5,1184,0,658,658,1910,1,1996,0,8,81000
6,1125,1,1041,1125,1976,1,1976,352,6,125000
7,1479,2,1468,1479,1999,2,2000,577,6,191000
10,2332,3,1682,1742,2007,2,2008,846,9,426000
5,1367,1,861,961,1900,1,1950,384,7,119000
6,1961,2,804,804,2001,2,2002,560,7,215000
5,882,1,0,882,1959,1,1959,294,5,106500
4,788,0,788,788,1941,1,1950,0,4,100000
5,1034,1,735,735,1940,1,1950,240,5,109000
5,1144,1,1144,1144,1956,1,1956,596,6,129000
5,894,2,894,894,1972,1,1972,600,6,123000
5,1812,1,864,876,1962,2,1962,264,8,169500
5,1077,1,961,1077,1920,1,1950,338,6,67000
7,1550,2,1092,1112,2006,2,2007,438,7,241000
8,1288,2,1260,1288,1996,1,1996,500,4,245500
7,1310,2,1310,1310,2005,2,2005,400,6,164990
5,672,1,672,672,1940,1,1997,240,4,108000
8,2263,2,1141,1165,1998,2,1998,420,10,258000
6,1572,2,806,806,1995,2,1996,373,7,168000
4,1620,2,1281,1620,1976,2,1993,490,8,150000
6,1639,1,1064,1166,1936,1,1950,240,6,115000
6,1680,1,840,840,1915,2,1976,308,8,177000
7,2172,3,1063,1071,2006,2,2006,947,9,280000
8,2078,3,1034,1050,2007,2,2008,836,8,339750
5,1276,1,1276,1276,1958,1,1958,350,5,60000
5,1056,2,1056,1056,1955,1,1955,572,5,145000
7,1478,2,1470,1478,2009,2,2009,484,7,222000
5,1028,2,1008,1028,1927,1,1950,360,5,115000
7,2097,3,1080,1080,1993,2,1993,678,9,228000
7,1340,2,1340,1340,2007,2,2007,396,6,181134
6,1400,2,672,672,1978,1,1978,440,6,149500
6,2624,3,1370,1370,1918,2,1950,864,10,239000
5,1134,1,756,756,1940,1,1950,240,7,126000
5,1056,1,1056,1056,1968,1,1968,304,6,142000
7,1344,4,1344,1344,1997,2,1998,784,8,206300
6,1602,2,1602,1602,1977,2,2000,529,8,215000
5,988,2,988,988,1954,1,1954,520,4,113000
8,2630,3,1470,1470,1998,2,1998,696,8,315000
6,1196,1,1196,1196,1956,1,1956,297,6,139000
7,1389,1,651,707,1946,1,1992,240,6,135000
7,1644,2,1518,1644,1989,2,1989,569,5,275000
4,907,1,907,907,1957,1,1957,352,5,109008
7,1208,2,1208,1208,2007,2,2007,628,6,195400
6,1412,2,1392,1412,1988,2,1988,576,6,175000
6,987,1,483,483,1971,1,1971,264,4,85400
6,1198,0,901,1088,1920,1,1998,0,7,79900
5,1365,2,765,765,1971,1,1971,440,6,122500
6,1604,2,926,926,1997,2,1998,470,7,181000
4,630,0,630,630,1972,1,1972,0,3,81000
7,1661,2,799,827,1996,2,1996,550,6,212000
6,1118,2,648,734,1920,1,1950,440,6,116000
6,904,1,884,904,1926,1,2004,180,4,119000
5,694,1,440,694,1913,1,2002,352,4,90350
6,1196,2,684,684,1920,1,2000,528,7,110000
10,2402,3,3094,2402,2008,2,2008,672,10,555000
4,1440,0,1440,1440,1955,2,1955,0,8,118000
5,1573,2,1078,1128,1930,2,1992,360,8,162900
7,1258,3,1258,1258,2006,2,2007,648,6,172500
7,1908,2,915,933,1994,2,1995,493,8,210000
6,1689,2,1436,1689,1956,1,1956,480,7,127500
6,1888,2,1517,1888,1966,2,2002,578,6,190000
7,1886,2,930,956,1998,2,1999,431,10,199900
6,1376,1,780,780,1937,2,1950,198,7,119500
3,1183,1,649,679,1948,1,2002,308,6,120000
6,813,1,813,813,1930,1,2005,270,5,110000
7,1533,2,1533,1533,1975,2,1975,576,5,280000
6,1756,2,872,888,1996,2,1997,422,7,204000
8,1590,2,768,786,2008,2,2008,676,6,210000
5,1728,2,1728,1728,1976,2,1976,560,8,188000
7,1242,2,1242,1242,1973,1,1973,528,6,175500
5,1344,3,624,624,1916,1,1950,513,7,98000
4,1663,2,1364,1663,1954,1,1994,529,6,256000
8,1666,1,588,833,1925,1,1996,228,7,161000
5,1203,1,709,979,1950,1,1950,352,5,110000
8,1935,2,832,832,2009,2,2009,552,8,263435
7,1135,2,560,575,1936,1,2007,576,6,155000
5,864,1,864,864,1965,1,1965,360,5,62383
6,1660,1,715,849,1934,1,1995,240,6,188700
5,1040,0,1040,1040,1978,2,1978,0,5,124000
7,1414,2,1375,1414,2004,2,2004,398,6,178740
7,1277,2,1277,1277,1970,1,1970,526,5,167000
5,1644,1,728,888,1942,1,1995,312,7,146500
8,1634,3,1626,1634,2006,2,2006,866,7,250000
6,1710,2,832,832,1993,2,1993,506,7,187000
8,1502,2,1488,1502,1985,1,1985,528,4,212000
7,1969,2,808,1161,1977,2,1977,534,8,190000
6,1072,2,547,1072,2005,1,2005,525,5,148000
8,1976,3,1976,1976,2006,2,2007,908,7,440000
8,1652,2,1494,1652,2000,2,2000,499,6,251000
5,970,2,970,970,1963,1,1963,624,5,132500
6,1493,2,1478,1493,1997,2,1998,508,7,208900
9,2643,3,2153,2069,2006,2,2006,694,9,380000
8,1718,3,1705,1718,2007,2,2008,826,7,297000
4,1131,2,907,1131,1937,1,2000,672,7,89471
9,1850,3,1833,1850,2004,2,2005,772,8,326000
9,1792,3,1792,1792,2003,2,2004,874,6,374000
7,1826,1,910,916,1915,1,2005,164,7,155000
6,1216,2,1216,1216,1998,2,1998,402,5,164000
5,999,1,999,999,1962,1,2001,264,6,132500
5,1113,1,1113,1113,1950,1,2007,264,5,147000
5,1073,2,1073,1073,1965,1,1965,515,6,156000
5,1484,2,1484,1484,1971,2,1971,487,7,175000
5,2414,2,954,1766,1900,2,1970,520,10,160000
4,630,1,630,630,1970,1,2002,286,3,86000
5,1304,1,264,616,1976,1,1976,336,4,115000
6,1578,1,806,958,1941,1,1950,240,5,133000
6,1456,2,728,728,2006,2,2006,429,8,172785
5,1269,1,1269,1269,1960,1,1960,308,6,155000
5,886,1,190,886,1938,1,1996,273,4,91300
4,720,0,720,720,1920,1,1950,0,4,34900
8,3228,2,3200,3228,1992,3,1993,546,10,430000
7,1820,1,1026,1133,1925,2,1950,240,8,184000
5,899,1,864,899,1967,1,2004,288,5,130000
5,912,1,912,912,1958,1,1985,297,5,120000
6,1218,1,672,672,1973,1,1973,264,7,113000
7,1768,2,866,866,2005,2,2005,603,7,226700
5,1214,2,1214,1214,1965,1,1965,461,6,140000
7,1801,2,1501,1801,1959,2,1997,484,6,289000
6,1322,2,855,855,1974,2,1974,440,6,147000
5,1960,2,960,960,1952,2,1952,400,10,124500
8,1911,2,777,1065,1993,2,1994,471,8,215000
6,1218,2,1218,1218,2009,2,2009,676,4,208300
7,1378,2,689,689,1928,2,2005,360,7,161000
5,1041,1,1041,1041,1959,1,1959,270,6,124500
5,1363,1,1008,1363,1951,1,2000,288,6,164900
7,1368,2,1368,1368,2005,2,2006,474,6,202665
5,864,2,864,864,1958,1,1958,624,5,129900
6,1080,2,1084,1080,1983,1,1983,484,5,134000
5,789,1,768,789,1926,1,1950,200,5,96500
10,2020,3,2006,2020,2009,2,2009,900,9,402861
6,2119,2,689,1378,1972,2,1972,583,7,158000
7,2344,3,1264,1277,1996,2,1997,889,7,265000
6,1796,2,794,882,1998,2,1998,546,7,211000
7,2080,1,1276,1276,1926,1,2004,282,9,234000
4,1294,0,0,694,1900,2,2000,0,7,106250
6,1244,1,1244,1244,1957,1,1957,336,6,150000
6,1664,2,1004,1004,1947,2,1950,420,7,159000
10,4676,3,3138,3138,2007,3,2008,884,11,184750
7,2398,3,1379,1383,1996,2,1997,834,8,315750
7,1266,2,1257,1266,2005,2,2005,453,6,176000
5,928,1,928,928,1956,1,2000,252,4,132000
9,2713,3,1452,1476,2008,2,2008,858,11,446261
4,605,0,528,605,1920,1,2002,0,5,86000
6,2515,2,2035,2515,1957,3,1975,484,9,200624
6,1509,2,1461,1509,1988,2,1989,600,5,175000
6,1362,2,611,751,1920,2,1999,502,6,128000
5,827,1,0,827,1955,1,2007,392,5,107500
1,334,0,0,334,1946,1,1950,0,2,39300
8,1414,2,707,707,2004,2,2004,403,6,178000
5,1347,0,1117,820,1910,1,1991,0,5,107500
7,1724,2,880,880,1998,2,1999,527,8,188000
4,864,2,864,864,1972,1,1972,576,5,111250
5,1159,1,1051,1159,1968,1,1968,336,7,158000
8,1601,2,1581,1601,2001,2,2002,670,6,272000
9,1838,3,1838,1838,2006,2,2006,765,8,315000
8,2285,3,969,997,2000,2,2000,648,8,248000
7,1680,2,1650,1680,1998,2,1999,583,7,213250
7,767,1,723,767,1998,1,1998,367,4,133000
7,1496,2,654,664,2006,2,2006,426,7,179665
7,2183,3,1204,1377,1988,2,1988,786,9,229000
6,1635,2,1065,915,1923,1,1950,440,6,210000
5,768,2,768,768,1970,1,1970,624,5,129500
5,825,2,825,825,1955,1,1995,720,4,125000
7,2094,2,912,912,2003,2,2004,615,8,263000
6,1069,2,1069,1069,1977,2,1977,440,4,140000
5,928,1,928,928,1957,1,1957,288,5,112500
8,1717,3,1709,1717,2006,2,2006,908,7,255500
4,1126,2,0,1126,1949,2,2003,520,5,108000
7,2046,3,998,1006,2003,2,2004,871,8,284000
5,1048,1,993,1048,1922,1,1950,280,5,113000
5,1092,1,1092,1092,1957,1,1957,299,6,141000
4,1336,1,637,897,1920,1,1950,570,7,108000
7,1446,2,729,729,1996,2,1997,406,6,175000
7,1557,2,1374,1557,2003,2,2004,420,7,234000
5,1392,2,1392,1392,1957,1,1996,528,5,121500
5,1389,2,1389,1389,1974,1,1975,418,6,170000
5,996,0,996,996,1940,1,1969,0,6,108000
6,1674,2,1163,1163,1918,2,1950,396,8,185000
7,2295,2,1095,1166,1992,2,2000,590,9,268000
6,1647,1,806,841,1915,1,1950,216,6,128000
9,2504,3,1122,1134,2005,2,2007,656,11,325000
7,1535,2,1517,1535,2004,2,2004,532,7,214000
8,2132,2,1496,1496,1983,1,2009,612,5,316600
5,943,2,943,943,1979,1,1979,600,4,135960
5,1728,2,1728,1728,1965,2,1965,576,10,142600
6,864,1,864,864,1959,1,1959,288,4,120000
7,1692,2,846,846,2009,2,2009,650,6,224500
7,1430,2,384,774,2000,2,2000,400,8,170000
5,1109,1,372,576,1971,1,2005,288,5,139000
5,1216,1,832,832,1947,1,1950,336,6,118500
7,1477,1,861,877,1928,2,1950,216,6,145000
5,1320,2,1164,1320,1966,1,1966,564,6,164500
7,1392,2,689,703,2007,2,2007,540,5,146000
5,1795,1,1050,1050,1954,2,1954,352,7,131500
6,1429,2,1144,1429,1960,1,1987,572,7,181900
8,2042,3,2042,2042,2008,2,2009,1390,8,253293
6,816,0,816,816,1990,1,1990,0,5,118500
10,2775,2,1237,1521,1893,3,2000,880,9,325000
4,1573,1,884,989,1935,1,1995,240,6,133000
8,2028,3,1868,2028,2005,2,2006,880,7,369900
6,838,1,816,838,1918,1,2000,275,5,130000
5,860,2,840,860,1982,1,1982,528,4,137000
5,1473,1,1437,1473,1968,1,2003,452,5,143000
5,935,1,742,779,1930,1,1960,308,4,79500
7,1582,2,770,770,2004,2,2004,520,6,185900
10,2296,3,1722,1728,2008,2,2008,842,10,451950
5,816,2,816,816,1982,1,2003,816,4,138000
6,848,2,848,848,2003,1,2003,420,4,140000
5,924,1,924,924,1975,1,1975,280,5,110000
8,1826,3,1814,1826,2005,2,2006,758,7,319000
6,1368,1,684,684,1910,1,1993,216,7,114504
7,1402,3,1258,1402,2006,0,2007,648,7,194201
5,1647,2,1430,1647,1977,2,1977,621,7,217500
6,1556,2,716,716,1980,2,1980,452,6,151000
8,1904,2,1058,1058,2005,2,2005,736,8,275000
6,1375,1,780,780,1937,1,1950,544,6,141000
8,1915,2,908,927,1992,2,1992,506,8,220000
7,1200,2,600,600,2004,2,2005,480,4,151000
7,1494,2,1494,1494,2002,2,2002,530,6,221000
7,1986,2,768,1186,1965,2,1990,486,7,205000
5,1040,2,1040,1040,1996,1,1996,576,6,152000
5,2008,1,896,1112,1948,3,2002,230,8,225000
8,3194,2,965,1940,1934,2,1998,380,10,359100
4,1029,1,1029,1029,1961,1,1961,261,5,118500
9,2153,3,1440,1476,2000,2,2000,736,8,313000
6,1032,2,1032,1032,1978,2,1978,564,6,148000
8,1872,2,1299,1299,2001,2,2001,531,7,261500
5,1120,0,1120,1120,2007,1,2007,0,6,147000
4,630,0,630,630,1972,1,1972,0,3,75500
6,1054,2,936,1054,1963,1,1963,480,6,137500
6,1509,2,783,807,2002,2,2003,393,7,183200
6,832,2,832,832,1954,1,1954,528,4,105500
9,1828,3,1822,1828,2007,2,2007,774,9,314813
8,2262,3,1482,1482,2003,2,2003,749,10,305000
3,864,0,864,864,1914,1,1950,0,5,67000
6,2614,2,1522,1548,1974,2,1997,624,9,240000
5,980,2,980,980,1977,1,1977,484,6,135000
6,1512,2,756,756,2000,2,2000,440,4,168500
6,1790,2,732,1012,1972,1,1972,484,8,165150
6,1116,2,1116,1116,1962,1,1962,440,5,160000
5,1422,1,978,1422,1960,1,1978,286,6,139900
6,1520,1,1156,1520,1955,1,1972,364,7,153000
5,2080,2,1040,1040,1969,1,1969,504,9,135000
6,1350,2,1248,1350,1964,1,1964,520,6,168500
5,1750,1,636,1089,1880,1,1991,240,8,124000
8,1554,2,1554,1554,2006,2,2006,627,6,209500
7,1411,2,1386,1411,1977,2,1977,544,6,82500
5,1056,1,1056,1056,1954,1,2005,260,6,139400
6,1056,2,1056,1056,1980,0,1980,576,4,144000
6,3395,0,1440,1440,1914,2,1995,0,14,200000
2,800,0,264,800,1936,1,1950,0,4,60000
5,1387,1,811,811,1954,2,1954,256,7,93000
5,796,0,796,796,1910,1,1950,0,4,85000
8,1567,3,1520,1567,2006,2,2006,648,7,264561
8,1518,2,1518,1518,2003,1,2004,588,6,274000
7,1929,2,1057,1057,2001,2,2001,650,7,226000
8,2704,2,1952,2000,1972,2,1995,538,9,345000
5,1620,2,780,780,1969,2,1969,462,7,152000
9,1766,3,1766,1766,2009,2,2009,478,7,370878
6,981,2,981,981,1971,1,1971,576,5,143250
5,1048,2,0,1048,1950,1,1950,420,7,98300
6,1094,2,1094,1094,1953,1,1953,495,5,155000
6,1839,2,756,1051,1966,1,1966,442,7,155000
4,630,0,630,630,1970,1,1970,0,3,84500
7,1665,2,813,822,2007,2,2007,562,7,205950
4,1510,1,755,755,1940,1,1950,296,7,108000
7,1716,2,880,909,1996,2,1996,512,7,191000
6,1469,1,756,756,1906,1,1995,216,7,135000
8,2113,3,2109,2113,1995,2,1995,839,7,350000
6,1092,1,525,525,1971,1,1971,264,6,88000
5,1053,1,1053,1053,1959,1,2006,312,5,145500
7,1502,1,776,851,1931,1,2000,270,6,149000
6,1458,1,912,912,1948,1,1950,330,6,97500
5,1486,2,1486,1486,1964,1,1999,480,7,167000
7,1935,2,793,1142,1976,2,1976,550,7,197900
8,2448,3,1629,1686,1994,2,2005,711,8,402000
6,1392,2,1392,1392,1968,1,1968,576,5,110000
4,1181,2,1138,1181,1972,2,1972,588,6,137500
8,2097,3,2077,2097,2005,1,2006,1134,8,423000
8,1936,2,1406,1454,2000,2,2000,504,7,230500
6,2380,2,1021,1465,1965,2,1979,596,7,129000
6,1679,2,1408,1679,1994,2,1998,575,7,193500
5,1437,2,1188,1437,1956,1,1987,576,6,168000
4,1180,1,700,1180,1922,1,1950,252,5,137500
6,1476,2,738,738,2005,2,2005,540,7,173500
6,1369,1,672,697,1925,2,1950,300,6,103600
6,1208,2,1208,1208,1977,1,1977,546,6,165000
6,1839,2,1477,1839,1957,2,2004,416,7,257500
6,1136,1,1136,1136,1965,1,1965,384,5,140000
6,1441,2,855,855,1978,2,1978,440,7,148500
4,1774,3,1095,1095,1900,2,1950,779,8,87000
5,792,1,768,792,1924,1,2006,240,5,109500
8,2046,3,2046,2046,2008,2,2008,834,7,372500
5,988,2,988,988,1961,1,1961,572,5,128500
6,923,1,923,923,1980,2,1980,264,5,143000
5,1520,1,793,848,1932,1,2000,281,6,159434
6,1291,2,1291,1291,1996,1,1997,431,6,173000
9,1668,3,1626,1668,2002,2,2002,702,7,285000
7,1839,2,1195,1195,1998,2,1998,486,7,221000
7,2090,2,1190,1190,1984,2,1984,577,6,207500
7,1761,2,874,874,2007,3,2007,578,7,227875
7,1102,2,551,551,2004,2,2004,480,4,148800
8,1419,2,1419,1419,2007,2,2007,567,7,392000
6,1362,2,1362,1362,2005,2,2006,460,6,194700
6,848,2,848,848,2004,1,2004,420,3,141000
10,4316,3,2444,2444,1994,3,1995,832,10,755000
7,2519,2,1210,1238,1989,2,1990,628,9,335000
5,1073,1,1073,1073,1921,1,1968,326,4,108480
5,1539,2,927,1067,1936,1,1950,576,5,141500
6,1137,2,1112,1137,1987,2,1987,551,5,176000
5,616,1,616,616,1921,1,1950,205,4,89000
5,1148,1,980,1148,1952,1,1952,308,6,123500
5,894,1,894,894,1965,1,2009,336,5,138500
7,1391,2,1391,1391,2004,2,2004,530,5,196000
8,1800,3,1800,1800,2002,2,2002,765,7,312500
7,1164,2,1164,1164,1969,1,1969,528,6,140000
8,2576,3,1234,1264,2006,2,2006,666,10,361919
5,1812,2,360,1032,1900,2,1996,672,8,140000
7,1484,2,1473,1484,2004,2,2005,606,7,213000
4,1092,0,0,372,1930,2,1950,0,7,55000
7,1824,2,1643,1824,1971,2,2002,739,5,302000
8,1324,2,1324,1324,2006,2,2006,550,6,254000
7,1456,2,728,728,2007,2,2007,400,8,179540
5,904,1,876,904,1966,1,1966,408,6,109900
3,729,0,270,729,1935,1,2003,0,5,52000
4,1178,1,859,859,1900,1,1950,384,7,102776
8,1228,2,1228,1228,1988,2,1989,472,5,189000
4,960,2,960,960,1970,1,1970,576,6,129000
6,1479,2,725,725,1976,2,2005,475,6,130500
6,1350,2,1064,1350,1974,2,1974,478,7,165000
7,2554,2,718,1576,1890,1,1998,704,8,159500
5,1178,2,1176,1178,1973,1,2000,439,5,157000
7,2418,3,1311,1325,1993,2,1994,983,9,341000
5,971,1,971,971,1969,1,1969,300,5,128500
8,1742,2,1742,1742,1985,2,1985,564,5,275000
6,848,2,848,848,2004,1,2004,420,3,143000
4,864,2,864,864,1970,1,1970,463,5,124500
4,1470,1,941,997,1954,2,1972,548,7,135000
9,1698,3,1698,1698,2007,2,2008,768,8,320000
4,864,2,864,864,1970,1,1970,660,5,120500
6,1680,2,880,1680,1988,2,2007,540,5,222000
7,1232,2,1232,1232,2007,2,2007,632,6,194500
5,1776,3,1584,1776,1958,2,1958,888,9,110000
4,1208,2,780,848,1925,1,1950,539,5,103000
8,1616,2,1595,1616,1995,2,1996,608,5,236500
7,1146,2,868,1146,2003,2,2003,438,6,187500
7,2031,2,1153,1153,1998,2,1999,541,8,222500
5,1144,1,864,1144,1961,1,1983,264,6,131400
5,948,1,948,948,1968,1,1968,300,6,108000
7,1768,2,880,880,1914,1,1970,320,6,163000
3,1040,2,0,1040,1950,2,1950,400,6,93500
8,1801,3,893,901,2005,2,2005,800,8,239900
5,1200,0,1200,1200,1987,3,1988,0,5,179000
7,1728,2,864,864,2004,2,2004,572,7,190000
5,1432,2,264,768,1910,2,2002,360,7,132000
6,912,1,912,912,1961,1,1996,288,5,142000
7,1349,2,1349,1349,2000,2,2001,539,6,179000
5,1464,2,520,1464,1963,2,1999,480,6,175000
8,1337,2,1337,1337,1993,2,1993,462,5,180000
8,2715,2,1142,1175,1976,3,1996,831,11,299800
7,2256,2,952,980,2000,2,2000,554,8,236000
7,2640,4,1240,1320,1880,1,2003,864,8,265979
7,1720,2,1720,1720,1996,2,1996,527,7,260400
4,1529,1,0,1088,1945,2,1950,240,9,98000
4,1140,0,576,792,1910,1,2004,0,7,96500
7,1320,2,660,660,2003,2,2003,400,6,162000
6,1494,2,1479,1494,1997,2,1997,576,6,217000
8,2098,3,1030,1038,2005,2,2005,878,8,275500
6,1026,2,1026,1026,1969,1,2005,440,5,156000
6,1471,2,729,742,1999,2,1999,440,6,172500
8,1768,2,866,866,2007,2,2007,578,7,212000
6,1386,2,672,672,1978,2,1978,440,6,158900
7,1501,2,744,757,1999,2,1999,440,6,179400
8,2531,3,1318,1328,1995,2,1995,752,9,290000
6,864,1,864,864,1959,1,1959,300,5,127500
5,1301,2,1145,1301,1924,1,1950,440,5,100000
7,1547,2,756,764,2009,2,2009,614,7,215200
8,2365,3,1252,1268,1999,2,1999,856,8,337000
8,1494,2,1494,1494,1995,1,1996,481,6,270000
9,1506,2,1498,1506,2008,2,2008,592,6,264132
7,1714,2,980,980,1988,2,1988,496,7,196500
6,1750,1,983,983,1940,2,1985,423,7,160000
7,1836,2,1860,1836,2004,2,2005,484,8,216837
8,3279,3,1650,1690,2003,3,2003,841,12,538000
5,858,2,858,858,1982,1,1982,576,5,134900
4,1220,2,836,1220,1951,1,1951,396,6,102000
6,1117,2,1029,1117,1976,1,1976,672,6,107000
5,912,1,912,912,1958,1,1958,275,5,114500
8,1973,3,1935,1973,2006,2,2006,895,9,395000
6,1204,2,1204,1204,1998,2,1998,412,5,162000
7,1614,3,1614,1614,2005,2,2006,865,7,221500
5,894,2,864,894,1974,1,1974,440,5,142500
5,2020,2,0,2020,1977,2,1977,630,10,144000
6,1004,2,975,1004,1977,1,1977,504,4,135000
7,1253,2,1237,1253,1995,2,1996,402,6,176000
6,1603,2,761,810,1992,2,1992,484,7,175900
7,1430,2,1413,1430,2001,2,2002,605,6,187100
5,1110,2,1097,1110,1978,1,1978,602,4,165500
6,1484,0,742,742,1914,2,2001,0,9,128000
6,1342,2,1372,1342,1967,2,1967,457,7,161500
5,1652,1,686,966,1915,2,1950,416,7,139000
7,2084,2,956,956,2004,2,2004,618,8,233000
4,901,1,901,901,1954,1,2000,281,4,107900
6,2087,2,832,976,1966,2,2007,444,9,187500
7,1145,2,1145,1145,2005,2,2006,397,5,160200
6,1062,2,1029,1062,1976,1,1976,539,5,146800
7,2013,2,1117,1127,1996,2,1997,455,8,269790
8,1496,2,1496,1496,2007,2,2007,474,7,225000
7,1895,2,712,1086,1994,2,1996,409,7,194500
6,1564,2,650,888,1980,2,1981,476,7,171000
6,1285,2,660,1285,1977,1,1977,528,7,143500
5,773,1,773,773,1953,1,1953,240,4,110000
9,3140,3,1926,1966,2008,3,2009,820,11,485000
5,1768,1,731,981,1937,1,1950,240,7,175000
6,1688,2,616,616,1997,2,1997,603,8,200000
4,1196,2,1196,1196,1916,1,1990,440,5,109900
7,1456,2,728,728,2005,2,2005,410,7,189000
9,2822,3,1734,1734,2008,3,2009,1020,12,582933
5,1128,1,936,1128,1954,1,1954,286,5,118000
7,1428,2,1417,1428,2008,2,2008,554,6,227680
5,980,1,980,980,1967,2,1967,384,6,135500
5,1576,2,1324,1072,1923,1,2004,528,6,223500
5,1086,2,1024,1086,1966,1,1966,484,6,159950
5,2138,2,849,1075,1898,2,1965,360,11,106000
6,1309,2,1040,1309,1974,1,1999,484,5,181000
6,848,2,848,848,2004,1,2004,420,4,144500
5,1044,2,540,1044,1952,1,1952,504,4,55993
6,1442,1,1442,1442,1958,1,1958,301,7,157900
5,1250,1,686,686,1918,1,1950,280,7,116000
7,1661,2,1649,1661,1998,2,1998,598,6,224900
5,1008,1,1008,1008,1954,1,1954,275,4,137000
8,1689,3,1568,1689,2002,2,2002,857,7,271000
6,1052,2,1010,1052,1971,1,1971,440,6,155000
7,1358,2,1358,1358,2009,2,2010,484,6,224000
7,1640,2,798,798,2003,2,2003,595,6,183000
4,936,2,936,936,1953,1,1953,576,4,93000
7,1733,2,847,847,2003,2,2003,433,7,225000
6,1489,1,778,944,1940,2,1950,240,7,139500
8,1489,2,1489,1489,2006,2,2006,776,7,232600
10,2084,3,2078,2084,2007,2,2008,1220,7,385000
5,784,0,784,784,1924,1,1950,0,5,109500
7,1434,2,1454,1434,2001,2,2001,527,6,189000
5,2126,2,1013,1160,1967,2,1967,538,7,185000
7,1223,2,600,520,2005,2,2005,480,4,147400
6,1392,2,1392,1392,1957,1,1957,458,6,166000
7,1200,2,600,520,2005,2,2005,480,4,151000
7,1829,2,941,941,2003,2,2003,613,7,237000
6,1516,2,1516,1516,1964,1,1964,472,6,167000
5,1144,2,1144,1144,1961,1,1961,456,6,139950
4,1067,2,1067,1067,1950,2,1995,436,4,128000
5,1559,2,1559,1559,1948,1,1973,812,5,153500
6,987,1,483,483,1973,1,1973,264,5,100000
5,1099,1,1099,1099,1995,1,2006,352,6,144000
5,1200,1,768,768,1946,1,1995,240,6,130500
6,1482,1,672,810,1925,2,1950,400,7,140000
5,1539,2,650,958,1904,2,2002,686,8,157500
6,1165,2,1127,1165,1966,1,1966,490,6,174900
5,1800,0,1800,1800,1961,2,1961,0,10,141000
5,1416,3,876,876,1915,1,1950,720,7,153900
5,1701,2,1390,1701,1975,2,1981,611,6,171000
7,1775,2,740,1006,1993,2,1993,425,7,213000
5,864,1,864,864,1972,1,1972,338,5,133500
6,2358,2,907,1307,1908,3,1997,360,10,240000
6,1855,2,528,1094,1976,2,1994,512,7,187000
6,848,2,848,848,2003,1,2003,420,3,131500
8,1456,2,1273,1456,2003,2,2003,400,7,215000
7,1646,1,918,918,1941,2,1950,240,7,164000
6,1445,2,1127,1445,1964,1,1964,645,7,158000
5,1779,2,1763,1779,1955,1,1974,454,6,170000
5,1040,1,1040,1040,1962,1,2010,260,6,127000
6,1026,2,940,1026,1978,1,1978,576,5,147000
6,1481,2,702,702,1994,2,1995,343,6,174000
7,1370,2,1090,1370,1976,2,1976,479,6,152000
6,2654,2,1054,1512,1968,2,1984,619,9,250000
7,1426,1,912,912,1918,1,1998,216,7,189950
5,1039,2,1039,1039,1965,1,1965,504,6,131500
6,1097,2,1040,1097,1984,2,1985,480,6,152000
5,1148,1,1148,1148,1959,1,1959,672,6,132500
7,1372,2,1372,1372,2007,2,2008,529,6,250580
5,1002,2,1002,1002,1970,1,1970,902,5,148500
8,1646,3,1638,1646,2006,2,2007,870,6,248900
4,1120,2,1040,1120,1961,1,1961,544,5,129000
5,2320,2,0,1547,1948,2,1950,672,7,169000
7,1949,2,1050,1062,1993,2,1994,574,8,236000
5,894,1,894,894,1962,1,1962,308,5,109500
6,1682,2,804,804,1998,2,1998,523,7,200500
5,910,2,105,910,1953,1,1996,414,5,116000
5,1268,1,832,1036,1949,1,1950,288,6,133000
5,1131,1,676,676,1941,1,1950,200,5,66500
8,2610,2,1184,1184,2007,2,2007,550,11,303477
4,1040,2,1064,1040,1963,1,1963,648,5,132250
9,2224,3,1462,1462,2004,2,2005,738,10,350000
5,1155,2,1109,1155,1961,1,1995,576,6,148000
5,864,1,864,864,1978,1,2005,336,6,136500
5,1090,2,1090,1090,2005,1,2006,450,5,157000
7,1717,2,1156,1187,1990,2,1991,400,7,187500
6,1593,2,808,808,1992,2,1993,389,7,178000
4,2230,1,795,954,1912,1,1950,440,10,118500
5,892,1,892,892,1967,1,1967,288,5,100000
9,1709,2,1698,1709,1999,2,2000,506,5,328900
5,1712,2,1626,1712,1959,2,2005,588,8,145000
5,1393,1,816,872,1955,1,1955,300,8,135500
8,2217,2,2217,2217,1970,2,1970,621,8,268000
6,1505,2,1505,1505,1953,1,1953,505,6,149500
5,924,2,672,672,1949,1,2006,576,6,122900
6,1683,2,918,918,1978,2,1978,440,7,172500
6,1068,1,1059,1068,1963,1,2003,264,6,154500
5,1383,1,1383,1383,1954,1,1954,354,6,165000
5,1535,2,0,1535,1979,2,1979,400,8,118858
6,1796,2,780,983,1963,1,1963,483,8,140000
4,951,1,951,951,1936,1,1950,327,6,106500
5,2240,2,0,1120,1979,2,1979,528,12,142953
9,2364,3,2330,2364,2009,2,2010,820,11,611657
5,1236,1,912,1236,1961,1,1994,288,6,135000
4,858,1,858,858,1971,1,1971,684,4,110000
5,1306,1,992,1306,1957,1,2000,756,5,153000
7,1509,2,783,807,2003,2,2003,393,8,180000
7,1670,3,1670,1670,2006,2,2006,690,7,240000
5,902,1,876,902,1967,1,1967,288,6,125500
5,1063,1,1056,1063,1954,1,1954,280,6,128000
8,1636,3,1623,1636,2006,2,2006,865,8,255000
7,2057,1,1017,1020,1936,1,1987,180,6,250000
5,902,2,864,902,1983,1,1983,484,5,131000
6,1484,2,742,742,2005,2,2005,390,8,174000
5,2274,2,1105,1105,1960,2,1960,480,12,154300
5,1268,1,1268,1268,1977,1,1989,252,5,143500
5,1015,1,768,1015,1925,1,1950,450,6,88000
5,2002,3,1001,1001,1949,2,1950,871,8,145000
6,1224,2,612,612,2009,2,2009,528,4,173733
4,1092,1,546,546,1970,1,1970,286,6,75000
2,480,1,480,480,1949,0,1950,308,4,35311
4,1229,1,1134,1229,1956,1,1956,284,6,135000
7,2127,3,1104,912,1991,2,1991,833,8,238000
6,1414,2,1184,1414,1958,1,2002,601,6,176500
6,1721,2,928,936,1994,2,1994,471,7,201000
5,2200,0,1272,1272,1900,2,2003,0,9,145900
6,1316,2,1316,1316,2005,2,2006,397,6,169990
6,1617,2,1604,1617,1993,2,1994,533,5,193000
6,1686,2,1686,1686,1980,2,1980,612,7,207500
5,1126,2,1126,1126,1977,2,1977,540,6,175000
8,2374,3,1181,1234,2003,2,2004,656,10,285000
7,1978,2,832,1098,1968,2,1968,486,9,176000
8,1788,2,1753,1788,2001,2,2001,522,7,236500
7,2236,2,964,993,1997,2,1997,642,8,222000
8,1466,3,1466,1466,2007,2,2007,610,7,201000
5,925,1,925,925,1965,1,1965,429,5,117500
9,1905,3,1905,1905,2006,2,2006,788,8,320000
7,1500,2,1500,1500,2004,2,2004,570,6,190000
7,2069,2,585,2069,1960,2,2007,505,9,242000
4,747,2,600,747,1926,1,1953,528,5,79900
7,1200,2,1176,1200,2003,2,2003,555,5,184900
7,1971,2,1113,1113,2005,2,2005,689,8,253000
7,1962,3,1391,1391,2006,2,2006,868,7,239799
7,2403,1,1032,1207,1940,2,1950,349,10,244400
6,1728,2,1728,1728,1976,2,1976,574,8,150900
7,2060,2,992,1022,1999,2,1999,390,8,214000
4,1440,0,1440,1440,1977,2,1977,0,8,150000
5,1632,2,1632,1632,1967,2,1967,576,8,143000
6,1344,2,819,1344,1958,1,1958,525,7,137500
5,1869,2,1088,1188,1890,1,1996,456,7,124900
5,1144,1,1144,1144,1959,1,1959,796,6,143000
8,1629,3,1616,1629,2002,2,2003,808,9,270000
7,1776,2,936,936,2002,2,2002,474,7,192500
6,1381,2,1161,1381,1972,1,2006,676,5,197500
5,864,2,864,864,1950,1,2002,720,5,129000
5,965,1,828,965,1965,1,1965,300,6,119900
5,768,1,768,768,1972,1,2003,396,5,133900
5,1968,2,784,1168,1969,2,1969,530,7,172000
6,980,0,945,980,1975,2,1975,0,4,127500
6,1958,2,979,979,1946,2,1950,492,8,145000
6,1229,2,561,561,1980,1,1980,462,5,124000
5,1057,2,1057,1057,1962,1,1962,576,6,132000
7,1337,2,1337,1337,2003,2,2003,531,6,185000
7,1416,2,696,696,1999,2,1999,484,6,155000
5,858,0,858,858,1958,1,2008,0,4,116500
6,2872,2,1330,1542,1977,2,1995,619,11,272000
6,1548,2,804,804,1976,2,1976,440,7,155000
9,1800,2,1800,1800,2007,2,2007,702,7,239000
7,1894,2,817,824,2002,2,2003,510,8,214900
6,1484,2,783,783,2005,2,2007,393,8,178900
5,1308,1,728,976,1940,1,1950,256,7,160000
5,1098,1,1098,1098,1955,1,1955,260,6,135000
3,968,0,600,600,1910,1,1950,0,6,37900
6,1095,1,588,1095,1958,1,1958,264,6,140000
4,1192,0,720,720,1949,1,1950,0,6,135000
7,1626,2,764,764,2003,2,2004,474,6,173000
6,918,1,918,918,1979,2,1979,264,5,99500
7,1428,2,1428,1428,2007,2,2008,480,6,182000
7,2019,2,728,1136,1910,1,1993,532,8,167500
7,1382,2,673,673,2000,2,2000,490,6,165000
4,869,0,440,869,1923,1,1958,0,4,85500
7,1241,2,1241,1241,2006,1,2007,569,4,199900
4,894,2,894,894,1954,1,1954,400,5,110000
5,1121,2,1121,1121,1963,1,1963,480,5,139000
7,999,2,944,999,1961,1,2007,588,6,178400
8,2612,3,1225,1276,1998,2,1999,676,8,336000
7,1266,2,1266,1266,2007,2,2007,388,6,159895
8,2290,2,1128,1149,2002,2,2002,779,9,255900
5,1734,2,0,1302,1977,2,1977,539,8,126000
5,1164,1,1164,1164,1950,1,1950,240,5,125000
6,1635,1,485,1001,1910,1,2003,255,5,117000
9,1940,3,1930,1940,2009,2,2010,606,8,395192
6,2030,2,848,1118,1976,2,1976,551,8,195000
7,1576,2,770,778,2006,2,2006,614,6,197000
8,2392,3,1396,1407,1997,2,1998,870,7,348000
8,1742,2,916,916,1882,1,1986,424,8,168000
6,1851,2,822,1020,1964,2,1993,440,7,187000
6,1500,2,750,750,2005,2,2006,564,6,173900
10,1718,3,1700,1718,2006,2,2007,786,7,337500
4,1230,1,747,774,1946,1,1950,305,5,121600
5,1050,1,1050,1050,1961,1,1961,368,6,136500
6,1442,2,1442,1442,1970,2,1970,615,6,185000
3,1077,1,1007,1077,1922,1,1950,210,6,91000
7,1208,2,1187,1208,2006,2,2006,632,6,206000
3,944,2,0,944,1952,1,1952,528,4,82000
5,691,1,691,691,1920,1,1950,216,4,86000
8,1574,3,1574,1574,2006,2,2006,824,7,232000
5,1680,2,1680,1680,1976,2,1976,528,8,136905
7,1504,2,1346,1504,2005,2,2006,457,7,181000
5,985,1,985,985,1977,2,1977,328,6,149900
6,1657,2,1657,1657,1970,2,1970,484,7,163500
4,1092,1,546,546,1970,1,1970,286,6,88000
7,1710,2,1710,1710,2004,2,2005,550,7,240000
5,1522,0,1008,1008,1926,2,1950,0,7,102000
5,1271,1,720,720,1948,2,1950,312,7,135000
5,1664,0,0,1664,1965,2,1965,0,8,100000
6,1502,1,602,900,1923,1,1996,180,7,165000
5,1022,1,1022,1022,1910,1,2006,280,4,85000
6,1082,1,1082,1082,1948,1,1950,240,5,119200
8,1665,2,810,810,2001,2,2001,528,6,227000
7,1504,2,1504,1504,1996,2,1996,478,6,203000
8,1360,2,1220,1360,1984,1,1984,565,4,187500
7,1472,2,384,802,1991,2,1992,402,7,160000
7,1506,2,1362,1506,2005,2,2005,440,6,213490
4,1132,2,1132,1132,2005,1,2005,451,5,176000
7,1220,2,1199,1220,2006,2,2006,632,6,194000
5,1248,1,912,912,1930,1,1950,160,6,87000
7,1504,2,1346,1504,2005,2,2006,437,7,191000
8,2898,2,1565,2898,1976,2,1976,665,10,287000
5,882,2,882,882,1972,1,1972,461,5,112500
5,1264,2,1268,1264,1960,1,1960,461,6,167500
8,1646,3,1638,1646,2007,2,2008,800,7,293077
5,1376,1,768,968,1941,1,1950,240,6,105000
6,1218,1,672,672,1972,1,1972,264,7,118000
5,1928,0,686,948,1916,2,1995,0,10,160000
7,3082,2,824,1687,1920,2,1970,672,12,197000
8,2520,3,1338,1352,1993,2,1993,796,10,310000
7,1654,3,1654,1654,2002,2,2002,900,6,230000
5,954,1,920,954,1938,1,1950,240,5,119750
4,845,1,0,845,1957,1,1957,290,5,84000
9,1620,3,1620,1620,2007,2,2008,912,6,315500
8,2263,2,1055,1055,2001,2,2002,905,7,287000
4,1344,0,546,798,1970,1,2008,0,6,97000
4,630,1,630,630,1970,1,1970,286,3,80000
5,1803,2,1134,1803,1957,2,2000,484,8,155000
6,1632,2,800,800,1966,1,2000,484,7,173000
6,1306,2,1306,1306,2005,2,2005,624,5,196000
7,2329,2,1475,1532,1990,2,1990,514,10,262280
8,2524,2,2524,2524,1981,2,1981,542,9,278000
3,1733,2,0,1733,1955,2,1955,452,8,139600
9,2868,3,1992,1992,2005,3,2006,716,11,556581
5,990,2,990,990,1994,1,1995,672,5,145000
5,1771,2,0,1771,1960,1,2006,336,9,115000
4,930,1,0,930,1946,1,2006,308,6,84900
7,1302,2,1302,1302,2007,2,2007,436,6,176485
7,1316,2,1316,1316,2007,2,2007,440,6,200141
6,1977,2,816,1127,1964,1,1978,540,9,165000
5,1526,1,1216,1526,1957,1,2002,364,7,144500
8,1989,2,1065,1091,2002,2,2002,586,7,255000
6,1523,2,1193,1523,1976,2,1976,478,7,180000
7,1364,2,1364,1364,2005,2,2005,484,6,185850
7,1850,2,973,979,1994,2,1994,467,7,248000
9,2184,3,1104,1130,2008,2,2008,836,10,335000
6,1991,2,854,1096,1932,1,1950,432,7,220000
8,1338,2,1338,1338,2001,2,2001,582,6,213500
3,894,3,894,894,1935,1,1950,1248,6,81000
5,2337,2,662,1422,1900,2,1950,560,10,90000
6,1103,2,1103,1103,1925,1,1980,440,5,110500
5,1154,2,1154,1154,1966,1,1966,480,6,154000
7,2260,2,1306,1306,1996,2,1997,533,7,328000
6,1571,2,799,799,1993,2,1994,380,7,178000
6,1611,2,780,798,1964,1,1964,442,7,167900
6,2521,2,942,1291,1973,2,1973,576,10,151400
5,893,2,845,893,1949,1,2003,576,4,135000
5,1048,1,1048,1048,1956,1,1956,286,6,135000
6,1556,2,727,829,1968,1,1968,441,8,154000
5,1456,1,810,1002,1948,1,1950,280,7,91500
6,1426,2,690,698,1977,1,1977,440,6,159500
7,1240,3,1240,1240,2006,2,2006,826,5,194000
7,1740,1,800,960,1940,1,1984,240,6,219500
5,1466,2,796,1096,1936,2,1989,566,7,170000
5,1096,1,1096,1096,1969,1,1969,299,6,138800
6,848,2,848,848,2004,1,2004,420,3,155900
5,990,1,990,990,1994,1,1994,299,5,126000
6,1258,2,1258,1258,1971,2,2004,528,5,145000
5,1040,1,1040,1040,1963,1,1963,308,5,133000
7,1459,2,1459,1459,2002,2,2002,527,6,192000
6,1251,1,1251,1251,1964,1,1964,461,6,160000
6,1498,2,691,691,1995,2,1996,409,6,187500
6,996,2,936,996,1992,1,1992,564,5,147000
4,1092,1,546,546,1973,1,1973,286,6,83500
8,1953,3,1082,1082,2005,2,2006,1043,9,252000
7,1709,2,970,970,2004,2,2004,380,7,137500
8,1247,2,1247,1247,2005,1,2005,550,4,197000
3,1040,2,0,1040,1950,2,1950,400,6,92900
7,1252,2,600,624,1999,2,2000,462,4,160000
6,1694,2,1181,1390,1925,2,1950,576,7,136500
5,1200,2,864,1200,1965,1,1998,884,6,146000
5,936,1,936,936,1956,1,2000,308,4,129000
6,1314,2,1314,1314,2006,2,2006,440,6,176432
6,1355,0,684,773,1914,1,2006,0,7,127000
8,1088,2,1074,1088,1986,1,1986,461,5,170000
4,1324,1,672,757,1936,1,1950,240,6,128000
7,1601,2,1271,1601,1978,2,1978,478,7,157000
2,438,1,290,438,1920,1,1950,246,3,60000
5,950,1,950,950,1971,1,1971,280,5,119500
5,1134,1,1010,1134,1960,1,2002,254,6,135000
6,1194,2,655,1194,1959,1,1959,539,6,159500
5,1302,2,630,630,1970,2,1970,440,6,106000
8,2622,2,1463,1500,1994,2,1995,712,9,325000
7,1442,2,910,1442,1990,2,1991,719,6,179900
7,2021,2,868,887,2006,2,2006,422,9,274725
6,1690,2,924,948,2000,2,2000,463,7,181000
8,1836,3,1836,1836,2004,2,2005,862,7,280000
6,1658,2,773,773,1995,2,1996,431,8,188000
7,1964,2,803,1098,1976,2,1976,483,8,205000
5,816,1,816,816,1957,1,1957,308,5,129900
5,1008,1,1008,1008,1953,1,2006,240,6,134500
5,833,1,833,833,1954,1,2000,326,4,117000
8,1734,3,1734,1734,2007,2,2007,928,7,318000
8,1419,2,408,779,2002,2,2002,527,7,184100
5,894,2,894,894,1967,1,2003,450,5,130000
5,1601,1,533,1021,1958,1,1987,300,6,140000
5,1040,1,1040,1040,1959,1,1959,286,6,133700
6,1012,1,1012,1012,1920,1,1950,308,6,118400
7,1552,3,1552,1552,2005,2,2006,782,7,212900
4,960,1,672,960,1956,1,1956,288,5,112000
5,698,0,698,698,1947,1,2008,0,4,118000
7,1482,2,384,812,1992,2,1992,392,7,163900
4,1005,2,1005,1005,1955,1,1955,672,5,115000
7,1555,3,1373,1555,2007,2,2007,660,7,174000
7,1530,3,1530,1530,2004,2,2004,630,7,259000
7,1959,2,847,847,2004,2,2005,434,8,215000
5,936,2,936,936,1980,1,1980,672,4,140000
4,1981,2,1122,1328,1928,2,1950,576,7,135000
5,974,0,974,974,1991,1,1992,0,5,93500
6,2210,1,1008,1178,1880,2,1950,205,8,117500
8,2020,2,1128,1142,1995,2,1995,466,8,239500
6,1600,2,916,916,1997,2,1997,460,7,169000
6,986,1,960,986,1926,1,1950,180,5,102000
6,1252,1,1032,1032,1950,1,1950,288,6,119000
5,1020,0,780,780,1875,1,1996,0,6,94000
6,1567,2,1567,1567,1977,2,1977,714,5,196000
5,1167,2,915,1167,1920,1,1950,495,6,144000
5,952,2,952,952,1951,1,1951,840,4,139000
5,1868,2,780,1088,1976,2,1976,484,9,197500
8,2828,3,1466,1466,2006,3,2007,1052,11,424870
5,1006,0,1006,1006,1959,1,1959,0,5,80000
4,924,1,672,672,1941,1,1950,280,5,80000
5,1576,1,1042,1042,1928,1,1950,225,8,149000
6,1298,2,1298,1298,1985,2,1985,403,5,180000
7,1564,1,704,860,1941,1,1950,234,7,174500
7,1111,1,572,572,1926,1,1950,288,5,116900
7,1482,2,650,832,1920,1,1988,324,7,143000
6,932,1,932,932,1950,1,1950,306,4,124000
5,1466,2,1466,1466,1959,1,1959,528,6,149900
6,1811,2,1073,1811,1956,1,2004,470,6,230000
6,816,1,816,816,1930,1,2007,432,5,120500
7,1820,2,864,902,1965,1,1988,492,8,201800
5,1437,2,1437,1437,1976,2,2004,528,6,218000
5,1265,2,1219,1265,1965,2,1999,502,6,179900
7,1314,2,1314,1314,2007,2,2008,626,6,230000
8,1580,3,1580,1580,2007,2,2008,830,7,235128
6,1876,2,901,943,1974,2,1974,540,8,185000
6,1456,2,855,855,1978,2,1978,440,7,146000
6,1640,2,1296,1640,1954,1,2006,924,7,224000
5,894,2,894,894,1968,1,1968,450,5,129000
4,1258,2,1198,1258,1969,0,1969,400,6,108959
5,1432,2,1360,1432,1978,1,1978,588,5,194000
7,1502,2,1502,1502,2009,2,2009,644,7,233170
8,1694,3,1694,1694,2008,2,2008,776,7,245350
6,1671,2,959,959,2000,2,2000,472,7,173000
6,2108,2,1127,1236,1935,2,1986,540,7,235000
10,3627,3,1930,1831,1995,3,1996,807,10,625000
6,1118,1,1096,1118,1977,1,1977,358,6,171000
6,1261,2,1261,1261,1958,1,1958,433,6,163000
7,1250,2,625,625,2006,2,2007,625,5,171900
5,3086,0,1598,1636,1946,3,1994,0,12,200500
6,2345,2,952,1170,1932,2,1950,360,9,239000
8,2872,2,1683,2129,1992,2,2000,541,9,285000
5,923,1,876,923,1984,1,1985,264,5,119500
6,1224,1,818,818,1926,1,2004,210,5,115000
5,1343,1,731,820,1921,1,1950,186,7,154900
5,1124,0,0,1124,1954,1,1954,0,5,93000
7,2514,2,1216,1298,1990,2,1991,693,8,250000
8,1652,2,1600,1652,2008,2,2008,482,5,392500
10,4476,3,2396,2411,1996,3,1996,813,10,745000
5,1130,2,1120,1130,1920,1,1950,720,5,120000
5,1572,3,1572,1572,1963,1,1963,995,5,186700
5,1221,1,784,949,1924,1,1950,392,7,104900
3,1699,2,978,1014,1900,2,1970,420,7,95000
8,1624,3,1624,1624,1994,2,1995,757,5,262000
7,1660,2,831,831,2002,2,2002,493,7,195000
7,1804,2,994,1028,1999,2,1999,442,7,189000
4,1622,4,1249,1622,1961,1,1975,1356,7,168000
8,1441,2,776,764,1999,2,2000,492,5,174000
5,1472,1,702,842,1925,1,1994,250,6,125000
6,1224,2,1224,1224,1999,2,1999,402,5,165000
6,1352,1,663,663,1969,1,1969,299,7,158000
6,1456,2,728,728,2005,2,2005,400,8,176000
7,1863,3,879,879,2006,2,2006,660,9,219210
7,1690,1,815,815,1916,1,1950,225,7,144000
7,1212,2,1212,1212,2001,2,2001,573,6,178000
4,1382,2,1051,1382,1963,1,1979,459,6,148000
4,864,1,864,864,1970,1,1970,280,5,116050
7,1779,2,866,866,1998,2,1998,546,6,197900
5,1348,1,884,884,1925,1,1997,216,5,117000
7,1630,2,1630,1630,2000,2,2001,451,6,213000
5,1074,2,1056,1074,1975,1,1975,495,6,153500
7,2196,3,2158,2196,1990,2,1991,701,7,271900
4,1056,1,1056,1056,1966,1,1966,384,5,107000
6,1700,2,1682,1700,2003,2,2003,544,7,200000
5,1283,2,931,1283,1962,1,1980,506,6,140000
8,1660,2,1660,1660,2006,2,2006,500,8,290000
6,1845,2,1055,1055,1992,2,1992,462,8,189000
8,1752,2,559,1080,1988,2,2005,492,8,164000
4,672,1,672,672,1941,1,1950,234,4,113000
4,960,1,648,960,1965,0,2001,364,3,145000
5,999,1,925,999,1962,1,1962,300,6,134500
5,894,1,894,894,1966,1,1966,384,5,125000
6,1902,2,0,1318,1978,2,1978,539,8,112000
8,1314,2,1300,1314,2009,2,2009,552,6,229456
4,912,0,0,672,1947,1,1950,0,3,80500
6,1218,0,672,672,1971,1,1971,0,7,91500
5,912,1,912,912,1964,1,1964,288,5,115000
5,1211,1,952,1211,1968,1,1968,322,5,134000
6,1846,1,1040,1168,1949,2,1950,315,7,143000
5,2136,2,2136,2136,1951,2,1951,528,7,137900
7,1490,2,788,788,2004,2,2005,388,8,184000
6,1138,1,588,1138,1958,1,1958,264,6,145000
6,1933,3,894,894,2007,2,2007,668,9,214000
5,912,2,912,912,1965,1,2008,576,5,147000
9,1702,3,1702,1702,2008,1,2008,1052,7,367294
5,1507,1,1075,1507,1960,2,1960,404,7,127000
5,2620,2,1361,1361,1977,2,1977,600,12,190000
5,1190,2,1106,1190,1962,1,1962,540,6,132500
4,1224,2,0,1224,1962,2,1962,462,6,101800
5,1188,2,1188,1188,1959,1,1959,531,6,142000
5,1964,0,940,1024,1911,1,1950,0,7,130000
5,1784,1,747,892,1914,1,1950,180,9,138887
7,1626,2,764,764,2003,2,2003,474,6,175500
7,1948,2,847,847,2004,2,2005,434,8,195000
6,1141,2,1141,1141,2005,1,2005,484,6,142500
8,1484,2,1476,1484,2006,2,2006,472,6,265900
7,1768,2,884,884,2003,2,2003,543,8,224900
7,1689,3,1689,1689,2007,2,2007,954,7,248328
7,1173,2,1053,1173,1974,2,1974,528,6,170000
10,2076,3,2076,2076,2006,2,2006,850,7,465000
8,1517,2,792,792,1929,1,1950,400,7,230000
6,1868,2,585,1140,1984,3,2003,477,7,178000
7,1553,2,756,756,2005,2,2006,615,6,186500
6,1034,3,1012,1034,1976,1,1976,888,6,169900
6,2058,2,735,1134,1917,1,1950,396,8,129500
5,988,1,876,988,1950,1,1950,276,6,119000
7,2110,2,2110,2110,1968,2,1968,522,8,244000
7,1405,2,1405,1405,2003,2,2003,478,6,171750
5,874,1,864,874,1968,1,1968,288,5,130000
7,2167,2,1192,1516,1974,2,2003,518,9,294000
7,1656,2,746,760,2003,2,2004,397,7,165400
6,1367,1,884,959,1931,1,1950,560,6,127500
8,1987,2,1986,1987,1994,2,1994,691,7,301500
5,864,0,864,864,1922,1,1950,0,4,99900
7,1166,2,856,1166,2005,2,2005,400,5,190000
6,1054,2,1054,1054,1969,1,1969,460,6,151000
6,1675,2,841,892,1999,2,1999,502,7,181000
5,1050,1,1050,1050,1956,1,1956,338,5,128900
4,1788,1,1104,1104,1957,1,1989,304,8,161500
6,1824,2,764,1060,1919,1,1950,520,8,180500
6,1337,2,1405,1337,1998,2,1999,511,5,181000
7,1452,2,691,713,1999,2,1999,506,6,183900
7,1889,1,925,964,1910,1,1950,308,9,122000
9,2018,3,2002,2018,2008,2,2009,746,10,378500
8,3447,3,728,1968,1935,3,1997,1014,11,381000
5,1524,1,874,874,1958,1,1958,315,7,144000
7,1524,2,1332,1332,1979,0,1979,586,4,260000
6,1489,2,1489,1489,1968,2,1968,462,7,185750
5,935,1,935,935,1965,1,1965,288,5,137000
6,1357,1,1019,1357,1959,1,2006,312,5,177000
5,1250,2,661,661,1910,2,2003,552,8,139000
5,1920,2,928,928,1948,2,1950,400,10,137000
6,1395,2,723,735,1972,1,1972,497,6,162000
6,1724,2,1680,1724,1967,1,1976,480,7,197900
8,2031,2,1128,1128,2002,2,2002,577,7,237000
4,1128,2,698,698,1920,1,1950,528,6,68400
7,1573,2,1573,1573,2002,2,2002,544,6,227000
7,1339,2,1309,1339,1990,2,1990,484,6,180000
5,1040,2,1040,1040,1977,2,2008,484,5,150500
6,1824,0,912,912,1971,2,1971,0,8,139000
6,2447,1,804,1699,1919,2,1990,336,10,169000
6,1412,1,780,825,1939,1,1950,280,6,132500
6,1328,2,1328,1328,1963,1,1963,528,6,143000
5,1582,2,1624,1582,1964,2,1964,390,7,190000
8,1659,2,1501,1659,2000,2,2000,499,5,278000
8,1970,3,1085,1120,2006,2,2006,753,8,281000
5,1152,2,1152,1152,1964,1,1964,484,6,180500
5,1302,1,630,630,1972,2,1972,264,6,119500
5,2372,1,994,1378,1892,2,1965,432,11,107500
7,1664,2,832,832,1976,2,1976,528,8,162900
5,864,2,864,864,1955,1,1990,572,5,115000
5,1052,1,1052,1052,1968,1,1968,288,5,138500
5,1128,2,1120,1128,1963,2,1963,525,6,155000
6,1072,2,547,1072,2005,2,2006,525,5,140000
10,5642,2,6110,4692,2008,2,2008,1418,12,160000
5,1246,1,1246,1246,1959,1,1994,305,6,154000
7,1983,2,978,1005,1999,2,1999,490,9,225000
6,1494,1,771,753,1942,1,1950,213,7,177500
8,2526,3,1165,1203,1994,2,1994,844,8,290000
7,1616,3,1616,1616,2005,2,2005,834,7,232000
7,1708,2,976,976,2004,2,2004,380,7,130000
9,1652,2,1652,1652,2006,2,2007,840,6,325000
7,1368,2,1368,1368,2005,2,2006,474,6,202500
5,990,2,990,990,1994,1,1995,480,5,138000
5,1122,2,924,1122,1948,1,2005,528,6,147000
6,1294,2,1278,1294,1991,2,1991,496,6,179200
7,1902,2,1902,1902,1959,2,2002,567,7,335000
7,1274,2,1274,1274,2005,2,2007,508,6,203000
8,2810,2,1453,1453,1990,2,1990,750,9,302000
9,2599,3,1393,1422,1999,2,1999,779,10,333168
4,948,1,948,948,1954,1,1954,280,5,119000
6,2112,2,952,1092,1969,2,1969,576,9,206900
8,1630,3,1622,1630,2008,2,2008,860,8,295493
7,1352,2,1352,1352,2006,2,2007,466,5,208900
8,1787,3,1753,1787,2001,2,2002,748,7,275000
4,948,1,864,948,1954,1,1954,248,5,111000
6,1478,2,1478,1478,1957,1,1957,442,6,156500
3,720,1,0,720,1949,1,1950,287,4,72500
7,1923,2,750,1061,1992,2,1992,564,8,190000
4,708,0,420,708,1940,1,1950,0,5,82500
8,1795,3,1795,1795,2006,2,2007,895,7,147000
4,796,0,796,796,1922,1,1950,0,5,55000
3,774,0,544,774,1931,1,2006,0,6,79000
5,816,1,816,816,1982,1,2008,264,5,130500
6,2792,2,1510,1584,1920,2,1950,520,8,256000
7,1632,2,935,955,1998,2,1998,462,8,176500
8,1588,3,1588,1588,2006,2,2006,825,7,227000
5,954,2,911,954,1976,1,1976,576,6,132500
4,816,1,816,816,1938,1,1958,288,3,100000
5,1360,1,803,803,1938,1,1995,297,6,125500
5,1365,2,765,765,1970,1,1970,440,7,125000
6,1334,2,1350,1334,1977,2,1977,630,6,167900
5,1656,2,1656,1656,1973,2,1973,506,8,135000
4,693,0,693,693,1941,1,1950,0,4,52500
7,1861,2,916,920,2002,2,2002,492,8,200000
5,864,1,864,864,1972,1,1972,288,5,128500
4,872,4,858,872,1971,1,1971,480,5,123000
6,1114,2,1114,1114,2003,1,2004,576,6,155000
8,2169,2,1284,1284,2002,2,2002,647,7,228500
6,1913,2,896,1172,1928,1,1950,342,9,177000
7,1456,2,728,728,2006,2,2006,440,8,155835
4,960,1,960,960,1920,1,1950,308,5,108500
7,2156,2,1568,2156,1968,2,2003,508,9,262500
8,1776,3,1732,1776,2006,2,2007,712,7,283463
7,1494,2,1482,1494,1998,2,1998,514,5,215000
8,2358,0,684,938,1872,2,1987,0,8,122000
5,2634,4,1248,1338,1969,2,1969,968,12,200000
6,1716,2,858,858,1962,1,1962,490,8,171000
6,1176,2,698,786,1937,1,2000,624,4,134900
8,3238,3,2033,2053,1995,2,1996,666,9,410000
7,1865,3,992,992,2000,2,2000,839,7,235000
7,1920,2,570,1222,1968,3,1992,487,8,170000
5,892,1,864,892,1966,1,1966,264,5,110000
5,1078,2,1078,1078,1971,1,2008,500,6,149900
6,1573,2,756,769,2000,2,2000,440,5,177500
9,1980,3,1980,1980,2004,2,2005,770,8,315000
5,2601,2,612,990,1921,3,1998,621,8,189000
7,1530,2,1530,1530,2005,2,2005,430,7,260000
4,1738,1,715,1281,1920,2,2007,368,7,104900
6,1412,2,616,616,2006,2,2007,432,6,156932
7,1200,2,600,520,2005,2,2005,480,4,144152
7,1674,2,814,814,2000,2,2000,663,7,216000
7,1790,2,873,882,1999,2,1999,588,7,193000
5,1475,1,757,925,1977,2,1977,336,6,127000
6,848,2,848,848,2003,1,2004,420,4,144000
8,1668,2,1657,1668,2003,2,2003,502,8,232000
4,1374,1,840,840,1920,1,1950,338,6,105000
6,1661,1,992,1661,1955,1,1996,377,8,165500
7,2097,2,1108,1108,1998,2,1998,583,8,274300
10,2633,3,2633,2633,2001,2,2002,804,8,466500
7,1958,3,1026,1026,2005,2,2005,936,9,250000
8,1571,3,1571,1571,2007,2,2007,722,7,239000
6,790,1,768,790,1930,1,1950,160,4,91000
5,1604,2,984,984,1941,2,1960,660,6,117000
6,987,1,483,483,1973,1,1973,264,5,83000
5,1394,2,384,754,2006,2,2007,400,7,167500
3,864,1,864,864,1914,1,1950,200,5,58500
6,2117,2,1205,2117,1970,2,1970,550,7,237500
7,1762,2,596,998,1920,1,1950,576,8,157000
5,1416,2,816,1416,1918,2,2007,576,7,112000
6,1258,1,560,698,1939,1,1950,280,6,105000
4,1154,1,796,796,1922,1,2007,240,7,125500
7,2784,2,1392,1392,1978,3,1978,564,12,250000
6,2526,1,714,1664,1916,2,1950,216,10,136000
9,1746,3,1746,1746,2006,2,2007,758,7,377500
6,1218,2,735,869,1941,1,1950,440,6,131000
7,1525,2,1525,1525,2000,2,2000,541,6,235000
5,1584,3,1584,1584,1967,2,1967,792,8,124000
5,900,1,864,900,1967,1,1967,288,6,123000
6,1912,2,482,1221,1905,2,2000,672,7,163000
7,1500,3,1356,1500,2006,2,2006,648,6,246578
8,2482,3,1094,1133,2005,2,2006,642,9,281213
5,1687,2,747,1687,1948,1,1950,572,7,160000
5,1513,1,939,939,1920,1,2004,180,8,137500
5,1904,1,1208,1136,1950,1,1982,240,7,138000
6,1608,1,976,1160,1925,2,1990,216,7,137450
6,1158,1,862,950,1929,1,1950,208,5,120000
6,1593,2,839,864,2004,2,2004,398,8,193000
7,1294,2,1286,1294,2006,2,2006,662,6,193879
8,1464,3,1485,1464,2007,2,2007,754,6,282922
3,1214,3,672,694,1915,1,1950,936,6,105000
8,1646,2,1594,1646,2004,2,2005,482,5,275000
5,768,2,768,768,1972,1,2007,396,5,133000
5,833,0,833,833,1985,1,1985,0,5,112000
4,1363,2,622,741,1910,1,1950,528,6,125500
7,2093,2,791,1236,1986,2,1991,542,7,215000
7,1840,2,944,944,2001,2,2001,622,6,230000
6,1668,1,856,1112,1950,1,2005,271,6,140000
4,1040,2,0,1040,1949,2,1950,420,6,90000
8,1844,2,1844,1844,2005,2,2006,620,7,257000
6,1848,2,833,1053,1923,1,2000,370,8,207000
7,1569,3,1386,1569,2007,2,2007,660,7,175900
4,2290,2,777,1246,1885,2,1950,560,11,122500
8,2450,3,1284,1310,1998,2,1998,1069,7,340000
5,1144,1,1144,1144,1963,1,1963,336,6,124000
6,1844,2,1844,1844,1969,2,1969,540,7,223000
6,1416,2,708,708,1968,2,1968,776,7,179900
6,1069,2,1069,1069,1977,2,1977,440,4,127500
6,848,2,848,848,2003,1,2003,420,3,136500
6,2201,2,697,1575,1966,2,1966,432,8,274970
5,1344,1,1024,1344,1958,1,1983,484,6,144000
6,1252,2,1252,1252,1959,1,1959,528,7,142000
7,2127,2,1223,1223,1994,2,1994,525,5,271000
5,1558,1,913,1048,1945,1,1950,288,6,140000
5,804,1,788,804,1940,1,1992,240,4,119000
6,1440,2,1440,1440,1981,2,1981,467,7,182900
5,1838,2,732,734,2005,2,2005,372,7,192140
6,958,2,958,958,1976,2,1976,440,5,143750
4,968,1,656,968,1927,2,2007,216,5,64500
6,1792,2,936,962,2000,2,2000,451,8,186500
5,1126,2,1126,1126,1977,2,1977,484,5,160000
6,1537,2,1319,1537,1962,1,2005,462,7,174000
4,864,2,864,864,1971,1,1971,528,5,120500
8,1932,3,1932,1932,2008,2,2008,774,7,394617
6,1236,2,912,1236,1957,1,1996,923,6,149700
7,1725,2,539,1040,1979,2,1979,550,6,197000
6,2555,2,588,1423,1922,2,1994,672,11,191000
6,848,2,848,848,2004,1,2004,420,3,149300
10,2007,3,1017,1026,2008,2,2008,812,10,310000
6,952,1,952,952,1916,1,1950,192,4,121000
7,1422,2,1422,1422,2004,2,2004,626,7,179600
6,913,1,814,913,1966,1,1966,240,6,129000
5,1188,1,1188,1188,1962,1,1962,312,6,157900
8,2090,2,1220,1220,1995,2,1996,556,8,240000
4,1346,1,560,796,1910,1,2000,384,6,112000
5,630,0,630,630,1970,1,1970,0,3,92000
5,1792,0,896,896,1974,2,1974,0,8,136000
8,1578,3,1573,1578,2008,2,2009,840,7,287090
5,1072,2,547,1072,2005,1,2005,525,5,145000
5,1140,0,1140,1140,2006,1,2006,0,6,84500
7,1221,2,1221,1221,2004,2,2005,400,6,185000
6,1647,2,953,953,1999,2,2000,460,7,175000
6,2073,2,1542,2073,1978,2,1988,500,7,210000
7,2340,1,1152,1188,1941,2,2006,252,9,266500
5,1078,1,1078,1078,1950,1,1996,240,5,142125
5,1256,1,1256,1256,1965,1,1965,276,6,147500
